question,answer
What are the main issues in the 2024 election?,"The main issues include the economy, healthcare, climate change, immigration, voting rights, and education reform."
What is Kamala Harris's position on police reform?,"Kamala Harris supports comprehensive police reform, including increased accountability and investment in community policing."
What are Donald J. Trump's economic policies?,"Donald J. Trump emphasizes tax cuts for businesses and individuals, deregulation, and promoting American energy independence."
What is Cornel West's stance on racial justice?,"Cornel West advocates for systemic changes to address racial inequality, including police reform and reparations."
What are Jill Stein's proposals for the Green New Deal?,"Jill Stein's Green New Deal aims to create millions of jobs in renewable energy, infrastructure, and sustainability projects."
What is Chase Oliver's plan for affordable housing?,Chase Oliver supports increasing funding for affordable housing initiatives and rent control measures to help low-income families.
What are Kamala Harris's views on reproductive rights?,"Kamala Harris is a strong advocate for reproductive rights, supporting access to abortion and comprehensive reproductive healthcare."
What are the main differences between Biden and Trump on foreign policy?,"Biden emphasizes diplomacy and alliances, while Trump favors an 'America First' approach that prioritizes U.S. interests."
What is the impact of climate change on public health?,"Climate change affects public health through increased heatwaves, air pollution, and the spread of diseases, necessitating urgent action."
What are the candidates' positions on student debt?,"Kamala Harris supports debt cancellation, while Donald Trump has focused on reforming student loan repayment programs."
What strategies are candidates using to mobilize young voters?,"Candidates are leveraging social media, highlighting issues like climate change, and addressing student debt to engage young voters."
What role do debates play in shaping public perception?,"Debates provide candidates an opportunity to communicate their policies and engage with opponents, often swaying undecided voters."
What are the implications of gerrymandering in the 2024 election?,"Gerrymandering can distort electoral outcomes by manipulating district boundaries to favor one party, affecting representation."
What are some key issues for independent voters in 2024?,"Independent voters are often concerned about government efficiency, fiscal responsibility, and moderate social policies."
What impact does the economy have on election outcomes?,"The economy significantly influences voter sentiment; strong economic performance generally favors incumbents, while economic downturns can lead to changes."
What is the significance of voter turnout in the 2024 election?,"High voter turnout can shift election outcomes, especially in battleground states, making mobilization efforts crucial for all candidates."
What are the candidates' views on immigration reform?,"Candidates generally support a pathway to citizenship for undocumented immigrants, though their approaches and specifics vary."
What role does social media play in modern campaigns?,"Social media is vital for candidate outreach, fundraising, and shaping narratives, but it also raises concerns about misinformation."
What are the potential effects of third-party candidates in the election?,"Third-party candidates can influence the outcome by drawing votes away from major party candidates, especially in close races."
What policies do candidates propose to address economic inequality?,"Candidates propose various measures, including raising the minimum wage, increasing taxes on the wealthy, and expanding social safety nets."
What is Kamala Harris's stance on climate policy?,"Kamala Harris advocates for ambitious climate action, including rejoining international agreements and investing in clean energy."
What are Donald Trump's views on healthcare reform?,"Donald Trump aims to reduce prescription drug prices and promote healthcare competition, while opposing the Affordable Care Act."
What is Cornel West's position on corporate influence in politics?,Cornel West argues for campaign finance reform to limit corporate influence and ensure democratic representation.
What are Jill Stein's views on the criminal justice system?,"Jill Stein calls for reforms to end mass incarceration, eliminate the death penalty, and address systemic racism."
What is Chase Oliver's plan for criminal justice reform?,"Chase Oliver supports comprehensive reforms, including ending private prisons and investing in community-based programs."
What strategies do candidates use to engage rural voters?,"Candidates often emphasize economic development, healthcare access, and infrastructure improvements to connect with rural communities."
What is the candidates' stance on trade policy?,"Democrats generally favor fair trade practices, while Republicans may advocate for tariffs and trade barriers."
What are the candidates' views on mental health services?,Many candidates prioritize expanding access to mental health services and integrating them into primary healthcare.
What is the role of unions in the 2024 election?,"Unions play a significant role in mobilizing voters and advocating for workers' rights, influencing both Democratic and Republican candidates."
What are the candidates' plans for addressing homelessness?,"Candidates propose various strategies, including increased funding for affordable housing and mental health services."
What is Kamala Harris's approach to technology and innovation?,Kamala Harris supports investment in technology that addresses social issues and promotes job creation.
What are Donald Trump's views on energy policy?,Donald Trump advocates for fossil fuel production and deregulation of the energy sector while opposing strict environmental regulations.
What is Cornel West's position on education reform?,Cornel West calls for equitable funding for public schools and increased access to higher education.
What is Jill Stein's plan for public transportation?,Jill Stein proposes significant investments in public transportation to reduce emissions and improve accessibility.
What are Chase Oliver's views on health equity?,Chase Oliver emphasizes the importance of addressing health disparities through targeted healthcare reforms.
What is the significance of mail-in voting in 2024?,"Mail-in voting expands access to the electoral process, especially for vulnerable populations, and may impact turnout."
What are the candidates' positions on tax reform?,"Candidates have varying approaches, with Democrats generally advocating for higher taxes on the wealthy and Republicans focusing on tax cuts."
What role does grassroots fundraising play in campaigns?,"Grassroots fundraising allows candidates to connect with small donors, fostering community support and reducing reliance on large donors."
What is Kamala Harris's stance on child care?,Kamala Harris supports policies to make child care more affordable and accessible for working families.
What are Donald Trump's views on immigration policy?,"Donald Trump emphasizes strict border security and limiting immigration, particularly from certain countries."
What is Cornel West's perspective on the social safety net?,Cornel West advocates for strengthening the social safety net to support low-income families and address poverty.
What are Jill Stein's views on vaccine distribution?,"Jill Stein supports equitable access to vaccines, especially in underserved communities."
What is Chase Oliver's position on workers' rights?,Chase Oliver advocates for stronger labor protections and support for unionization efforts.
What are the candidates' views on the digital divide?,Candidates are addressing the need for affordable internet access and technology education in underserved areas.
What is the significance of state-level elections in 2024?,State-level elections impact local policies and can influence congressional redistricting and electoral outcomes.
What are the candidates' strategies for addressing climate refugees?,Candidates are proposing policies to support displaced populations and address the root causes of climate change.
What is the impact of COVID-19 on the 2024 election?,"The COVID-19 pandemic has reshaped priorities, with public health and economic recovery becoming key issues for voters."
What are the candidates' views on international relations?,"Candidates differ in their approaches, with some advocating for stronger alliances and others promoting isolationist policies."
What are the implications of the Supreme Court's decisions on the election?,"Supreme Court rulings can influence key issues like abortion and voting rights, affecting voter sentiment and turnout."
What is the significance of campaign rallies in 2024?,"Campaign rallies serve as a way for candidates to connect with supporters, energize their base, and attract media attention."
What are the candidates' plans for veterans' services?,"Candidates prioritize improving healthcare, education, and job opportunities for veterans."
What are the main challenges facing the Democratic Party in 2024?,"Challenges include unifying the party, addressing diverse interests, and countering Republican strategies."
What strategies are candidates using to combat misinformation?,"Candidates are focusing on fact-checking, transparent communication, and promoting media literacy among voters."
What are the candidates' views on science and technology?,"Many candidates emphasize the importance of science in policymaking, particularly in areas like public health and climate change."
What is the role of the media in the 2024 election?,"The media plays a crucial role in shaping narratives, informing the public, and holding candidates accountable."
What are the candidates' positions on the gig economy?,"Candidates propose varying regulations on gig work, balancing worker protections and business interests."
